year,month,nao
2005,5,-1.25
2006,5,-1.1444
2007,5,0.66381
2008,5,-1.728
2009,5,1.6827
2010,5,-1.487
2011,5,-0.062273
2012,5,-0.90683
2013,5,0.56906
2014,5,-0.9225
2015,5,0.14552
2016,5,-0.77358
2005,7,-0.51
2006,7,0.90244
2007,7,-0.57942
2008,7,-1.2741
2009,7,-2.1529
2010,7,-0.42496
2011,7,-1.5122
2012,7,-1.3215
2013,7,0.67216
2014,7,0.17539
2015,7,-3.179
2016,7,-1.7603
